"cod_cliente","nombre","ciudad","estado","tipo","edad","Region","grupo_etario"
2001,"Son, Alma","Millbrook","New York","Mayorista",65,"East","61-80"
2002,"Brandon, Cornelius","Manhattan","New York","Mayorista",65,"East","61-80"
2003,"Quintana, Monica","Long Island","New York","Mayorista",53,"East","41-60"
2004,"Colon, John","Millbrook","New York","Mayorista",72,"East","61-80"
2005,"Barlow, Brenda","Poughkeepsie","New York","Mayorista",61,"East","61-80"
2006,"Adina, Ronald","Yorktown","New York","Mayorista",81,"East","+80"
2007,"Bohling, Michael","Poughkeepsie","New York","Mayorista",62,"East","61-80"
2008,"Wheeler, Sam","Buffalo","New York","Mayorista",68,"East","61-80"
2009,"Swearengin, Abraham","Long Island","New York","Mayorista",67,"East","61-80"
2010,"Givens, David","Buffalo","New York","Mayorista",64,"East","61-80"
2011,"Beanston, Glenna","Manhattan","New York","Mayorista",76,"East","61-80"
2012,"Bruno, Dirk","Ithaca","New York","Mayorista",67,"East","61-80"
2013,"Berger, Alexander","Buffalo","New York","Mayorista",54,"East","41-60"
2014,"Sultan, Marcia","Long Island","New York","Mayorista",60,"East","41-60"
2015,"Svoboda, Martin","Poughkeepsie","New York","Mayorista",63,"East","61-80"
2016,"Tullao, Mary","Manhattan","New York","Mayorista",60,"East","41-60"
2017,"Hernandez, Irene","Millbrook","New York","Mayorista",59,"East","41-60"
2018,"Wilkie, Jay Saxema","Sudbury","Massachusetts","Mayorista",75,"East","61-80"
2021,"Dillon, Rudolph","Acton","Massachusetts","Mayorista",73,"East","61-80"
2022,"Miller, Matthew","Cape Cod","Massachusetts","Mayorista",55,"East","41-60"
2023,"Stern, Vassar","Acton","Massachusetts","Mayorista",60,"East","41-60"
2024,"Suffin, Ruth","Cape Cod","Massachusetts","Mayorista",77,"East","61-80"
2026,"Homax, Jaunita","Acton","Massachusetts","Mayorista",60,"East","41-60"
2027,"Adams, Margaret","Acton","Massachusetts","Mayorista",74,"East","61-80"
2028,"Zubaty, Carla","Cape Cod","Massachusetts","Mayorista",64,"East","61-80"
2029,"Khan, Tammy","Acton","Massachusetts","Mayorista",66,"East","61-80"
2030,"Brinkd, David","Sudbury","Massachusetts","Mayorista",71,"East","61-80"
2031,"Clark, James","Sudbury","Massachusetts","Mayorista",77,"East","61-80"
2032,"Dennis, Helen","Cape Cod","Massachusetts","Mayorista",68,"East","61-80"
2033,"Brumfield, Eric","Acton","Massachusetts","Mayorista",75,"East","61-80"
2034,"Sanchez, Madalena","Acton","Massachusetts","Mayorista",67,"East","61-80"
2035,"Suess, Gary","Acton","Massachusetts","Mayorista",81,"East","+80"
2037,"White, Cynthia","Sudbury","Massachusetts","Mayorista",72,"East","61-80"
2052,"Peterson, Glin","New London","Connecticut","Mayorista",70,"East","61-80"
2053,"Osborn, Stephen","New Canaan","Connecticut","Mayorista",69,"East","61-80"
2054,"Graham., Lowell","Danbury","Connecticut","Mayorista",74,"East","61-80"
2055,"Shaddy, Jamie","New Canaan","Connecticut","Mayorista",59,"East","41-60"
2056,"Haemon, Hattie","New London","Connecticut","Mayorista",68,"East","61-80"
2057,"Krow, Jame","Danbury","Connecticut","Mayorista",74,"East","61-80"
2058,"Belli, Shane","New London","Connecticut","Mayorista",77,"East","61-80"
2059,"Porter, Ethel","New London","Connecticut","Mayorista",63,"East","61-80"
2060,"Lesko, Gloria","New London","Connecticut","Mayorista",78,"East","61-80"
2061,"Worland, Michael","New London","Connecticut","Mayorista",78,"East","61-80"
2062,"Torre, Alvin","Danbury","Connecticut","Mayorista",68,"East","61-80"
2063,"Ramos, Susan","New Canaan","Connecticut","Mayorista",62,"East","61-80"
2064,"Christie, Jill","New Canaan","Connecticut","Mayorista",60,"East","41-60"
2065,"Zocchi, Juanita","New London","Connecticut","Mayorista",78,"East","61-80"
2066,"Altamirano, Sandra","Danbury","Connecticut","Mayorista",66,"East","61-80"
2067,"Benson, Edna","New London","Connecticut","Mayorista",61,"East","61-80"
2068,"Deborde, Alexander","New Canaan","Connecticut","Mayorista",67,"East","61-80"
2069,"Calone, Barbara","New London","Connecticut","Mayorista",67,"East","61-80"
2070,"Pompa, Cheryl","New Canaan","Connecticut","Mayorista",69,"East","61-80"
2071,"Traube, Doris","Tampa Bay","Florida ","Mayorista",72,"East","61-80"
2072,"Sloan, Cathy","Miami","Florida ","Mayorista",65,"East","61-80"
2073,"Villa, Homer","Miami","Florida ","Mayorista",68,"East","61-80"
2074,"Herman, Deena","Tampa Bay","Florida ","Mayorista",72,"East","61-80"
2075,"Roberts, Leota","Miami","Florida ","Mayorista",77,"East","61-80"
2076,"Mc Clane, John","Miami","Florida ","Mayorista",74,"East","61-80"
2077,"Maxham, Jennifer","Tampa Bay","Florida  ","Mayorista",78,"East","61-80"
2078,"Sullivan, Elizabeth","Tampa Bay","Florida ","Mayorista",75,"East","61-80"
2079,"Watada, Irene","Miami","Florida ","Mayorista",58,"East","41-60"
2080,"Rhiger, Constance","Orlando","Florida ","Mayorista",62,"East","61-80"
2081,"Finley, Rhoda","Miami","Florida ","Mayorista",70,"East","61-80"
2082,"Winter, Kathleen","Miami","Florida ","Mayorista",67,"East","61-80"
2083,"Adams, Carla","Miami","Florida ","Mayorista",84,"East","+80"
2084,"Tench, Vanessa","Tampa Bay","Florida ","Mayorista",76,"East","61-80"
2085,"Brink, Carol","Miami","Florida ","Mayorista",75,"East","61-80"
2086,"Reynolds, Adam","Orlando","Florida ","Mayorista",73,"East","61-80"
2087,"Posner, Constance","Orlando","Florida ","Mayorista",86,"East","+80"
2088,"Hapke, William","Miami","Florida ","Mayorista",51,"East","41-60"
2089,"Huff, Joshua","Miami","Florida ","Mayorista",75,"East","61-80"
2090,"Brown, Carolee","Tampa Bay","Florida ","Mayorista",53,"East","41-60"
2091,"Giglio, Frances","Tampa Bay","Florida ","Mayorista",63,"East","61-80"
2092,"Sherwood, Irma","Orlando","Florida ","Mayorista",56,"East","41-60"
2093,"Becker, Benjamin","Peoria","Illinois","Mayorista",77,"Central","61-80"
2094,"Tedford, Chad","Peoria","Illinois","Mayorista",72,"Central","61-80"
2095,"Roy, Luke","Peoria","Illinois","Mayorista",58,"Central","41-60"
2096,"Holloway, Jean","Chicago","Illinois","Mayorista",82,"Central","+80"
2097,"Trau, Olga","Chicago","Illinois","Mayorista",70,"Central","61-80"
2098,"Carnes, Steve","Chicago","Illinois","Mayorista",77,"Central","61-80"
2099,"Potts, Betty","Peoria","Illinois","Mayorista",67,"Central","61-80"
2100,"Kozlowski, Edward","Chicago","Illinois","Mayorista",74,"Central","61-80"
2101,"Looney, Sharon","Peoria","Illinois","Mayorista",64,"Central","61-80"
2102,"Magenheimer, Patrick","Chicago","Illinois","Mayorista",59,"Central","41-60"
2103,"Hofsetz, Sue","Chicago","Illinois","Mayorista",78,"Central","61-80"
2104,"Gilliat, Janet","Peoria","Illinois","Mayorista",63,"Central","61-80"
2105,"Wojcik, Charlene","Chicago","Illinois","Mayorista",75,"Central","61-80"
2106,"Wolf, Eunice","Peoria","Illinois","Mayorista",61,"Central","61-80"
2107,"Whitworth, Kelly","Chicago","Illinois","Mayorista",59,"Central","41-60"
2108,"Thames, Judy","Chicago","Illinois","Mayorista",59,"Central","41-60"
2109,"Rusek, Pearlie","Chicago","Illinois","Mayorista",71,"Central","61-80"
2110,"Justice, Peggy","Madison","Wisconsin","Mayorista",68,"Central","61-80"
2111,"Conner, William","Appleton","Wisconsin","Mayorista",70,"Central","61-80"
2112,"Bauer, Ciro","Madison","Wisconsin","Mayorista",74,"Central","61-80"
2113,"Collins, Takiko","Madison","Wisconsin","Mayorista",53,"Central","41-60"
2114,"Smith, Leonard","Appleton","Wisconsin","Mayorista",68,"Central","61-80"
2115,"Yasi, Lenore","Appleton","Wisconsin","Mayorista",84,"Central","+80"
2116,"Bowman, Lester","Madison","Wisconsin","Mayorista",81,"Central","+80"
2117,"Germanson, Barbara","Madison","Wisconsin","Mayorista",58,"Central","41-60"
2118,"Smith, Mary","Appleton","Wisconsin","Mayorista",62,"Central","61-80"
2119,"Serventi, Alice","Milwaukee","Wisconsin","Mayorista",63,"Central","61-80"
2120,"Chapla, Lee","Madison","Wisconsin","Mayorista",67,"Central","61-80"
2121,"Cameron, DeeDee","Madison","Wisconsin","Mayorista",59,"Central","41-60"
2122,"Zgeirmann, Jo","Appleton","Wisconsin","Mayorista",76,"Central","61-80"
2123,"Mondragon, William","Milwaukee","Wisconsin","Mayorista",69,"Central","61-80"
2124,"Allison, Cecil","Madison","Wisconsin","Mayorista",70,"Central","61-80"
2125,"Vargas, Nieves","Cleveland","Ohio    ","Mayorista",74,"Central","61-80"
2126,"Vlass, Helen","Toledo","Ohio    ","Mayorista",73,"Central","61-80"
2127,"Gonzalez, Abigail","Akron","Ohio    ","Mayorista",71,"Central","61-80"
2128,"Ison, Denean","Cleveland","Ohio    ","Mayorista",60,"Central","41-60"
2129,"Trent, Billy","Columbus","Ohio    ","Mayorista",67,"Central","61-80"
2130,"Vaca, Mary","Cleveland","Ohio    ","Mayorista",59,"Central","41-60"
2131,"Arbelaez, Kyley","Toledo","Ohio    ","Mayorista",74,"Central","61-80"
2133,"Maes, Walter","Toledo","Ohio    ","Mayorista",56,"Central","41-60"
2134,"Antrim, Ramona","Cleveland","Ohio    ","Mayorista",65,"Central","61-80"
2135,"Friedland, Liam","Toledo","Ohio    ","Mayorista",59,"Central","41-60"
2136,"Strange, Charles","Toledo","Ohio    ","Mayorista",78,"Central","61-80"
2137,"Richter, William","Columbus","Ohio    ","Mayorista",48,"Central","41-60"
2138,"Amland, Maxwell","Akron","Ohio    ","Mayorista",71,"Central","61-80"
2139,"Albury, Z . T. Milton","Cleveland","Ohio    ","Mayorista",71,"Central","61-80"
2140,"Richmeier, Marie","St. Loius","Missouri","Mayorista",74,"Central","61-80"
2141,"Jacobson, Jodan","Kansas City","Missouri","Mayorista",70,"Central","61-80"
2142,"Bartness, David","Kansas City","Missouri","Mayorista",76,"Central","61-80"
2143,"Cobb, Teanna","Kansas City","Missouri","Mayorista",61,"Central","61-80"
2144,"Lique, M. E. Joseph","Kansas City","Missouri","Mayorista",75,"Central","61-80"
2145,"Bernacchi, Robert","St. Loius","Missouri","Mayorista",65,"Central","61-80"
2146,"Zubaty, Patricia","St. Loius","Missouri","Mayorista",68,"Central","61-80"
2147,"Hunter, Matthew","St. Loius","Missouri","Mayorista",76,"Central","61-80"
2148,"Vonholt, Florence","Kansas City","Missouri","Mayorista",68,"Central","61-80"
2149,"Holmes, Eddie","Kansas City","Missouri","Mayorista",62,"Central","61-80"
2150,"Drury, Gerald","St. Loius","Missouri","Mayorista",81,"Central","+80"
2151,"Watts, Kristin","Kansas City","Missouri","Mayorista",62,"Central","61-80"
2152,"Short, Carlos","Kansas City","Missouri","Mayorista",76,"Central","61-80"
2153,"Mc Guigan, Robin","Des Moines","Iowa    ","Mayorista",71,"Central","61-80"
2154,"Wollesen, Dorothy","Des Moines","Iowa    ","Mayorista",60,"Central","41-60"
2155,"Lee, Marjorie","Des Moines","Iowa    ","Mayorista",69,"Central","61-80"
2156,"Gimmi, Mary","Dubuque","Iowa    ","Mayorista",74,"Central","61-80"
2157,"Pugh, Milton","Des Moines","Iowa    ","Mayorista",91,"Central","+80"
2159,"Woodard, Caroline","Des Moines","Iowa    ","Mayorista",72,"Central","61-80"
2160,"Manzanares, Tomas","Dubuque","Iowa    ","Mayorista",60,"Central","41-60"
2161,"Stotler, Kayla","Dubuque","Iowa    ","Mayorista",65,"Central","61-80"
2162,"Peoples, Elizabeth","Dubuque","Iowa    ","Mayorista",56,"Central","41-60"
2163,"Choi, Mike","Dubuque","Iowa    ","Mayorista",60,"Central","41-60"
2164,"Quintana, Mary Lou","Des Moines","Iowa    ","Mayorista",71,"Central","61-80"
2165,"Bright, Christopher","Des Moines","Iowa    ","Mayorista",66,"Central","61-80"
2166,"Rodgers, Scott","Des Moines","Iowa    ","Mayorista",77,"Central","61-80"
2167,"Gates, Janet","Dubuque","Iowa    ","Mayorista",67,"Central","61-80"
2168,"Watkins, Darren","Des Moines","Iowa    ","Mayorista",68,"Central","61-80"
2169,"Christensen, Charles","Dubuque","Iowa    ","Mayorista",76,"Central","61-80"
2170,"Banks, Darrell","Des Moines","Iowa    ","Mayorista",74,"Central","61-80"
2171,"Carlisle, Carlton","Des Moines","Iowa    ","Mayorista",61,"Central","61-80"
2172,"Tramel, Abe","Dubuque","Iowa    ","Mayorista",53,"Central","41-60"
2173,"Curry, Jose","Des Moines","Iowa    ","Mayorista",68,"Central","61-80"
2174,"Haines, Betty","Tulsa","Oklahoma","Mayorista",49,"South","41-60"
2175,"Campbell, Deborah","Tulsa","Oklahoma","Mayorista",59,"South","41-60"
2176,"Whitney, Catherine","Tulsa","Oklahoma","Mayorista",69,"South","61-80"
2177,"Mitchell, Neva","Oklahoma City","Oklahoma","Mayorista",75,"South","61-80"
2178,"Dodd, Cindy","Oklahoma City","Oklahoma","Mayorista",66,"South","61-80"
2179,"Cereghino, Stacey","Oklahoma City","Oklahoma","Mayorista",78,"South","61-80"
2180,"Meyer, Helen","Tulsa","Oklahoma","Mayorista",73,"South","61-80"
2181,"Stevens, Olga","Tulsa","Oklahoma","Mayorista",52,"South","41-60"
2182,"Campbell, Joan","Tulsa","Oklahoma","Mayorista",63,"South","61-80"
2183,"Walker, Silvia","Oklahoma City","Oklahoma","Mayorista",82,"South","+80"
2184,"Pasumansky, Mosha","Tulsa","Oklahoma","Mayorista",77,"South","61-80"
2185,"Whitney, Shawn","Oklahoma City","Oklahoma","Mayorista",80,"South","61-80"
2186,"Saunders, Lloyd","Tulsa","Oklahoma","Mayorista",67,"South","61-80"
2187,"Vandenouer, Rose","Tulsa","Oklahoma","Mayorista",68,"South","61-80"
2188,"Vincenzi, Eric","Oklahoma City","Oklahoma","Mayorista",78,"South","61-80"
2189,"Herring, Cheryl","Oklahoma City","Oklahoma","Mayorista",75,"South","61-80"
2190,"Garza, Kathleen","Tulsa","Oklahoma","Mayorista",80,"South","61-80"
2191,"Westover, Gail","Tulsa","Oklahoma","Mayorista",73,"South","61-80"
2192,"Hagemann, Matthew","Shreveport","Louisiana","Mayorista",52,"South","41-60"
2193,"Vasquez, Patricia","Shreveport","Louisiana","Mayorista",77,"South","61-80"
2194,"McCarthy, Lola","Shreveport","Louisiana","Mayorista",60,"South","41-60"
2195,"Bacalzo, Phillip","New Orleans","Louisiana","Mayorista",48,"South","41-60"
2196,"Berch, Marian","New Orleans","Louisiana","Mayorista",56,"South","41-60"
2197,"Taylor, Mike","Shreveport","Louisiana","Mayorista",54,"South","41-60"
2198,"Whipple, Vivian","New Orleans","Louisiana","Mayorista",61,"South","61-80"
2199,"Laursen, Cecilia","New Orleans","Louisiana","Mayorista",73,"South","61-80"
2200,"Olguin, Lee","New Orleans","Louisiana","Mayorista",65,"South","61-80"
2201,"Ayers, Stephen","New Orleans","Louisiana","Mayorista",68,"South","61-80"
2202,"Kotc, Pamala","New Orleans","Louisiana","Mayorista",76,"South","61-80"
2203,"Coriell, Marlin","Shreveport","Louisiana","Mayorista",76,"South","61-80"
2204,"Warthen, Clay","New Orleans","Louisiana","Mayorista",68,"South","61-80"
2205,"Johnson, Greg","Shreveport","Louisiana","Mayorista",60,"South","41-60"
2206,"Huckaby, George","Sweetwater","Texas   ","Mayorista",63,"South","61-80"
2207,"Gustafson, Faith","Dallas","Texas   ","Mayorista",61,"South","61-80"
2208,"Thompson, Donald","Amarillo","Texas   ","Mayorista",56,"Central","41-60"
2209,"Hendricks, Valentina","Amarillo","Texas   ","Mayorista",56,"Central","41-60"
2210,"Black, Mae","Sweetwater","Texas   ","Mayorista",53,"South","41-60"
2211,"Vansant, Carlos","Amarillo","Texas   ","Mayorista",67,"Central","61-80"
2212,"Bentley, Richard","San Antonio","Texas   ","Mayorista",74,"South","61-80"
2213,"Ritacco, Thomas","Houston","Texas   ","Mayorista",54,"South","41-60"
2214,"Theisen, Karen","Dallas","Texas   ","Mayorista",81,"South","+80"
2215,"Berger, John","Dallas","Texas   ","Mayorista",55,"South","41-60"
2216,"Koski, Joy","Houston","Texas   ","Mayorista",59,"South","41-60"
2217,"Fitzgerald, Duane","Houston","Texas   ","Mayorista",73,"South","61-80"
2218,"Camacho, Lindsey","Albuquerque","New Mexico","Mayorista",75,"South","61-80"
2219,"Alvarado, Selena","Albuquerque","New Mexico","Mayorista",61,"South","61-80"
2220,"Brummer, Dick","Albuquerque","New Mexico","Mayorista",75,"South","61-80"
2221,"Pinkston, Pat","Albuquerque","New Mexico","Mayorista",69,"South","61-80"
2222,"Spivey, Kristin","Albuquerque","New Mexico","Mayorista",70,"South","61-80"
2223,"Whiting, Gregory","Albuquerque","New Mexico","Mayorista",58,"South","41-60"
2224,"Espinoza, Martha","Albuquerque","New Mexico","Mayorista",71,"South","61-80"
2225,"Robinett, David","Albuquerque","New Mexico","Mayorista",72,"South","61-80"
2226,"Lundahl, Judy","Albuquerque","New Mexico","Mayorista",67,"South","61-80"
2227,"Demicell, Shawn","Albuquerque","New Mexico","Mayorista",77,"South","61-80"
2228,"Rousey, Linda","Albuquerque","New Mexico","Mayorista",68,"South","61-80"
2229,"Marcovecchio, Kathy","Albuquerque","New Mexico","Mayorista",71,"South","61-80"
2230,"Evans, Twanna","Albuquerque","New Mexico","Mayorista",62,"South","61-80"
2231,"Storjohann, Judy","Albuquerque","New Mexico","Mayorista",70,"South","61-80"
2232,"Maccietto, Denise","Grand Junction","Colorado","Mayorista",68,"Central","61-80"
2233,"Buskirk, Deanna","Grand Junction","Colorado","Mayorista",71,"Central","61-80"
2234,"Kesslep, Mary","Grand Junction","Colorado","Mayorista",71,"Central","61-80"
2235,"Schultz, Barbara","Aspen","Colorado","Mayorista",76,"Central","61-80"
2236,"Bergin, Kris","Grand Junction","Colorado","Mayorista",62,"Central","61-80"
2237,"Steel, Merrill","Denver","Colorado","Mayorista",66,"Central","61-80"
2238,"Marple, Melissa","Aspen","Colorado","Mayorista",54,"Central","41-60"
2239,"Evans, Ann","Denver","Colorado","Mayorista",60,"Central","41-60"
2240,"Bruner, Shirley","Denver","Colorado","Mayorista",60,"Central","41-60"
2241,"Troyer, Michael John","Grand Junction","Colorado","Mayorista",62,"Central","61-80"
2242,"Sandidge, Mary","Grand Junction","Colorado","Mayorista",72,"Central","61-80"
2243,"Skonnard, Monk","Grand Junction","Colorado","Mayorista",65,"Central","61-80"
2244,"Beck, Christopher","Salt Lake City","Utah    ","Mayorista",66,"West","61-80"
2245,"Abel, Catherine","Provo","Utah    ","Mayorista",84,"West","+80"
2246,"Miller, Emilo","Salt Lake City","Utah    ","Mayorista",73,"West","61-80"
2247,"Walker, Hazel","Salt Lake City","Utah    ","Mayorista",54,"West","41-60"
2248,"Brooks, John","Salt Lake City","Utah    ","Mayorista",61,"West","61-80"
2249,"Logan, Todd","Provo","Utah    ","Mayorista",69,"West","61-80"
2250,"Several, Joshua","Salt Lake City","Utah    ","Mayorista",74,"West","61-80"
2251,"Thomas, James","Salt Lake City","Utah    ","Mayorista",66,"West","61-80"
2252,"Vessa, Robert","Provo","Utah    ","Mayorista",73,"West","61-80"
2253,"Tran, James","Provo","Utah    ","Mayorista",69,"West","61-80"
2254,"Crow, Shelley","Provo","Utah    ","Mayorista",65,"West","61-80"
2255,"Sims, Anne","Salt Lake City","Utah    ","Mayorista",74,"West","61-80"
2256,"Tatman, Clarence","Salt Lake City","Utah    ","Mayorista",82,"West","+80"
2257,"Nelsen, Jan","Salt Lake City","Utah    ","Mayorista",66,"West","61-80"
2258,"Cole, Jeanette","Provo","Utah    ","Mayorista",70,"West","61-80"
2259,"Huntsman, Phyllis","Salt Lake City","Utah    ","Mayorista",70,"West","61-80"
2260,"Arakawa, Hannah","Salt Lake City","Utah    ","Mayorista",60,"West","41-60"
2261,"Steuber, Wathalee","Salt Lake City","Utah    ","Mayorista",78,"West","61-80"
2262,"Cox, Pamela","Carson City","Nevada  ","Mayorista",71,"West","61-80"
2263,"Jacobs, Bronson","Reno","Nevada  ","Mayorista",62,"West","61-80"
2264,"Barley, Rebecca","Carson City","Nevada  ","Mayorista",77,"West","61-80"
2265,"Alvaro, Emilio","Reno","Nevada  ","Mayorista",64,"West","61-80"
2266,"Waters, Becky","Reno","Nevada  ","Mayorista",69,"West","61-80"
2267,"Jarvis, A. Joyce","Carson City","Nevada  ","Mayorista",70,"West","61-80"
2268,"Styles, Ruby Sue","Carson City","Nevada  ","Mayorista",68,"West","61-80"
2269,"Glenn, Jeanie","Reno","Nevada  ","Mayorista",50,"West","41-60"
2270,"Smith, Peggy","Las Vegas","Nevada  ","Mayorista",73,"West","61-80"
2271,"Duff, Tish","Las Vegas","Nevada  ","Mayorista",63,"West","61-80"
2272,"Lucero, Anita","Reno","Nevada  ","Mayorista",69,"West","61-80"
2273,"Burton, Stephen","Las Vegas","Nevada  ","Mayorista",79,"West","61-80"
2274,"Consentino, Amy","Carson City","Nevada  ","Mayorista",67,"West","61-80"
2275,"Lutes, Helen","Las Vegas","Nevada  ","Mayorista",68,"West","61-80"
2276,"Ecoffey, Linda","Carson City","Nevada  ","Mayorista",72,"West","61-80"
2277,"Swint, Katherine","Carson City","Nevada  ","Mayorista",66,"West","61-80"
2278,"Slattengren, Dianne","Las Vegas","Nevada  ","Mayorista",69,"West","61-80"
2279,"Heymsfield, Ronald","Carson City","Nevada  ","Mayorista",47,"West","41-60"
2280,"Whitehead, Steven","Reno","Nevada  ","Mayorista",63,"West","61-80"
2281,"Roy, Lisa","Las Vegas","Nevada   ","Mayorista",59,"West","41-60"
2282,"Burkhardt, Ingrid","Carson City","Nevada  ","Mayorista",69,"West","61-80"
2283,"Whitney, Todd","Bend","Oregon  ","Mayorista",63,"West","61-80"
2284,"Wisnewski, Barbara","Bend","Oregon  ","Mayorista",57,"West","41-60"
2285,"Burkhardt, Karren","Bend","Oregon   ","Mayorista",53,"West","41-60"
2286,"Mcanich, Stacie","Bend","Oregon  ","Mayorista",56,"West","41-60"
2287,"Browning, Mary","Portland","Oregon  ","Mayorista",66,"West","61-80"
2288,"Wellington, Alexandra","Portland","Oregon  ","Mayorista",67,"West","61-80"
2289,"Bacugalupi, Cory","Portland","Oregon  ","Mayorista",71,"West","61-80"
2290,"Rizzi, Stacy","Bend","Oregon  ","Mayorista",76,"West","61-80"
2291,"Sotelo, William","Portland","Oregon  ","Mayorista",60,"West","41-60"
2292,"Stanley, Beth","Bend","Oregon  ","Mayorista",81,"West","+80"
2293,"Markwood, Jill","Portland","Oregon  ","Mayorista",65,"West","61-80"
2294,"Valentine, Mildred","Portland","Oregon  ","Mayorista",65,"West","61-80"
2295,"Reams, Suzann","Portland","Oregon  ","Mayorista",75,"West","61-80"
2296,"Long, John","Portland","Oregon  ","Mayorista",55,"West","41-60"
2297,"Olenzek, Edwin","Portland","Oregon  ","Mayorista",62,"West","61-80"
2298,"Valerio, Jessie","Santa Clara","California","Mayorista",73,"West","61-80"
2299,"Ahlering, Robert","Los Angeles","California","Mayorista",81,"West","+80"
2300,"Burke, Megan","Santa Clara","California","Mayorista",53,"West","41-60"
2301,"Bates, Karel","Fresno","California","Mayorista",71,"West","61-80"
2302,"White, Mike","San Francisco","California","Mayorista",50,"West","41-60"
2303,"Simpson, Marty","Los Angeles","California","Mayorista",71,"West","61-80"
2304,"Jones, Robert","Santa Clara","California","Mayorista",76,"West","61-80"
2305,"Casts, Raul","San Francisco","California","Mayorista",60,"West","41-60"
2306,"Browqett, Bridget","Fresno","California","Mayorista",73,"West","61-80"
2307,"Kartz, Kay","Eureka","California","Mayorista",78,"West","61-80"
2308,"Wold, Audrey","Eureka","California","Mayorista",86,"West","+80"
2309,"French, Susan","Santa Clara","California","Mayorista",58,"West","41-60"
2310,"Pederson, Trish","Fresno","California","Mayorista",64,"West","61-80"
2311,"Renn, Eric","Bakersfield","California","Mayorista",75,"West","61-80"
2312,"Catalano, Elizabeth","San Diego","California","Mayorista",68,"West","61-80"
2313,"Coleman, Eric","Sacramento","California","Mayorista",75,"West","61-80"
2314,"Hurkett, Lawrence","Redmond","Washington","Mayorista",55,"West","41-60"
2315,"Pettengill, Sara","Seattle","Washington","Mayorista",57,"West","41-60"
2316,"Elson, Jauna","Spokane","Washington","Mayorista",73,"West","61-80"
2317,"Hirota, Nancy","Seattle","Washington","Mayorista",59,"West","41-60"
2318,"Blasingame, Linda","Seattle","Washington","Mayorista",76,"West","61-80"
2319,"Blackwell, Jackie","Spokane","Washington","Mayorista",68,"West","61-80"
2320,"Moya, Marie","Spokane","Washington","Mayorista",72,"West","61-80"
2321,"Chesnut, Nicky","Spokane","Washington","Mayorista",77,"West","61-80"
2322,"Ortiz, John","Redmond","Washington","Mayorista",56,"West","41-60"
2323,"Tearpak, Stacey","Seattle","Washington","Mayorista",74,"West","61-80"
2324,"Hall, Karen","Spokane","Washington","Mayorista",73,"West","61-80"
2325,"Narberes, Greg","Spokane","Washington","Mayorista",71,"West","61-80"
2326,"Weber, Fannye","Redmond","Washington","Mayorista",68,"West","61-80"
2327,"Kabbes, Diane","Seattle","Washington","Mayorista",77,"West","61-80"
1001,"Nowmer, Sheri","Poughkeepsie","New York","Minorista",66,"East","61-80"
1002,"Whelply, Derrick","Manhattan","New York","Minorista",66,"East","61-80"
1003,"Derry, Jeanne","Long Island","New York","Minorista",68,"East","61-80"
1004,"Spence, Michael","Buffalo","New York","Minorista",56,"East","41-60"
1005,"Gutierrez, Maya","Yorktown","New York","Minorista",60,"East","41-60"
1006,"Damstra, Robert","Manhattan","New York","Minorista",63,"East","61-80"
1007,"Kanagaki, Rebecca","Ithaca","New York","Minorista",59,"East","41-60"
1008,"Brunner, Kim","Buffalo","New York","Minorista",69,"East","61-80"
1009,"Blumberg, Brenda","Yorktown","New York","Minorista",63,"East","61-80"
1010,"Stanz, Darren","Millbrook","New York","Minorista",73,"East","61-80"
1011,"Murraiin, Jonathan","Long Island","New York","Minorista",76,"East","61-80"
1012,"Creek, Jewel","Manhattan","New York","Minorista",57,"East","41-60"
1013,"Medina, Peggy","Poughkeepsie","New York","Minorista",66,"East","61-80"
1014,"Rutledge, Bryan","Manhattan","New York","Minorista",64,"East","61-80"
1015,"Cavestany, Walter","Ithaca","New York","Minorista",64,"East","61-80"
1016,"Planck, Peggy","Millbrook","New York","Minorista",59,"East","41-60"
1017,"Marshall, Brenda","Yorktown","New York","Minorista",71,"East","61-80"
1020,"Baker, Beverly","Cape Cod","Massachusetts","Minorista",72,"East","61-80"
1021,"Castillo, Pedro","Cape Cod","Massachusetts","Minorista",68,"East","61-80"
1022,"Borges, Laurie","Acton","Massachusetts","Minorista",76,"East","61-80"
1025,"Conley, Lin","Cape Cod","Massachusetts","Minorista",66,"East","61-80"
1043,"Sharp, Juanita","New London","Connecticut","Minorista",78,"East","61-80"
1044,"Brunner, Sandra","Danbury","Connecticut","Minorista",68,"East","61-80"
1045,"Staton, Ernest","New London","Connecticut","Minorista",56,"East","41-60"
1046,"Sims, Rose","New Canaan","Connecticut","Minorista",62,"East","61-80"
1047,"De Carlo, Lauretta","New Canaan","Connecticut","Minorista",69,"East","61-80"
1048,"Williams, Mary","New Canaan","Connecticut","Minorista",53,"East","41-60"
1049,"Burke, Terri","New London","Connecticut","Minorista",60,"East","41-60"
1050,"Osborn, Audrey","New London","Connecticut","Minorista",63,"East","61-80"
1051,"Binai, Brian","Danbury","Connecticut","Minorista",77,"East","61-80"
1052,"Lozada, Concepcion","Danbury","Connecticut","Minorista",70,"East","61-80"
1053,"Tays, Paul","New London","Connecticut","Minorista",75,"East","61-80"
1054,"Thorton, Cheryl","New Canaan","Connecticut","Minorista",62,"East","61-80"
1055,"Dumin, Gary","Tampa Bay","Florida ","Minorista",87,"East","+80"
1056,"Chin, Pat","Orlando","Florida ","Minorista",55,"East","41-60"
1057,"Lovell, Zach","Miami","Florida ","Minorista",71,"East","61-80"
1058,"Ratcliff, Dave","Miami","Florida ","Minorista",74,"East","61-80"
1059,"Moss, Elizabeth","Tampa Bay","Florida ","Minorista",56,"East","41-60"
1060,"Anderson, Lori","Tampa Bay","Florida ","Minorista",52,"East","41-60"
1061,"Everson, Michael","Miami","Florida ","Minorista",43,"East","41-60"
1062,"Borden, Mary","Tampa Bay","Florida ","Minorista",57,"East","41-60"
1063,"Willson, Sue","Tampa Bay","Florida ","Minorista",72,"East","61-80"
1064,"Harris, Clayton","Orlando","Florida ","Minorista",67,"East","61-80"
1065,"Contreras, Whitney","Orlando","Florida ","Minorista",65,"East","61-80"
1066,"Pusedu, Boyd","Orlando","Florida ","Minorista",64,"East","61-80"
1067,"Stedman, Cian","Orlando","Florida ","Minorista",48,"East","41-60"
1068,"Zocchi, Michele","Orlando","Florida ","Minorista",73,"East","61-80"
1069,"Walsh, Jean","Tampa Bay","Florida ","Minorista",58,"East","41-60"
1070,"Renfro, Leopoldo","Orlando","Florida ","Minorista",53,"East","41-60"
1071,"Brockett, Donna","Chicago","Illinois","Minorista",59,"Central","41-60"
1072,"Anderson, Laurie","Chicago","Illinois","Minorista",61,"Central","61-80"
1073,"Gomez, Louis","Peoria","Illinois","Minorista",75,"Central","61-80"
1074,"Walker, Julie","Peoria","Illinois","Minorista",64,"Central","61-80"
1075,"Jones, Jay","Chicago","Illinois","Minorista",72,"Central","61-80"
1076,"Winfrey, Gayle","Peoria","Illinois","Minorista",61,"Central","61-80"
1077,"Brown, Yasmina","Peoria","Illinois","Minorista",67,"Central","61-80"
1078,"Touchstone, Joseph","Peoria","Illinois","Minorista",81,"Central","+80"
1079,"Bakhtyari, Mary","Peoria","Illinois","Minorista",70,"Central","61-80"
1080,"Glass, Melvin","Chicago","Illinois","Minorista",65,"Central","61-80"
1081,"Cohen, Kristin","Chicago","Illinois","Minorista",54,"Central","41-60"
1082,"Kharman, Susan","Peoria","Illinois","Minorista",66,"Central","61-80"
1083,"Kirschner, Gordon","Peoria","Illinois","Minorista",74,"Central","61-80"
1084,"Burger, William","Chicago","Illinois","Minorista",59,"Central","41-60"
1085,"Blau, Lana","Peoria","Illinois","Minorista",75,"Central","61-80"
1086,"Derby, Donna","Chicago","Illinois","Minorista",74,"Central","61-80"
1087,"Thomson, Kathleen","Peoria","Illinois","Minorista",57,"Central","41-60"
1088,"Walton, Gabriel","Chicago","Illinois","Minorista",65,"Central","61-80"
1089,"Meastas, Bishop","Chicago","Illinois","Minorista",69,"Central","61-80"
1090,"Kouba, Geneva","Chicago","Illinois","Minorista",69,"Central","61-80"
1091,"Clark, Tricia","Peoria","Illinois","Minorista",59,"Central","41-60"
1092,"Munn, Debi","Madison","Wisconsin","Minorista",57,"Central","41-60"
1093,"Goldberg, Patricia","Milwaukee","Wisconsin","Minorista",63,"Central","61-80"
1094,"Magenheim, Susan","Appleton","Wisconsin","Minorista",66,"Central","61-80"
1095,"Hance, Nancy","Madison","Wisconsin","Minorista",65,"Central","61-80"
1096,"Mehlert, Rhonda","Madison","Wisconsin","Minorista",59,"Central","41-60"
1097,"Duran, Paula","Appleton","Wisconsin","Minorista",65,"Central","61-80"
1098,"Earley, Margaret","Madison","Wisconsin","Minorista",69,"Central","61-80"
1099,"Horne, Elizabeth","Madison","Wisconsin","Minorista",71,"Central","61-80"
1100,"Hunt, Mary","Milwaukee","Wisconsin","Minorista",67,"Central","61-80"
1101,"Allen, Libby","Milwaukee","Wisconsin","Minorista",65,"Central","61-80"
1102,"Bruno, Bonnie","Madison","Wisconsin","Minorista",64,"Central","61-80"
1103,"Bowers, Angela","Milwaukee","Wisconsin","Minorista",63,"Central","61-80"
1104,"Gonzales, Donald","Madison","Wisconsin","Minorista",63,"Central","61-80"
1105,"Valdez, Sylvester","Milwaukee","Wisconsin","Minorista",67,"Central","61-80"
1106,"Stewart, John","Appleton","Wisconsin","Minorista",77,"Central","61-80"
1107,"Velasquez, Barney","Madison","Wisconsin","Minorista",80,"Central","61-80"
1108,"Dubois, Kenneth","Madison","Wisconsin","Minorista",77,"Central","61-80"
1109,"Maestas, Kate","Appleton","Wisconsin","Minorista",65,"Central","61-80"
1110,"Underwood, Josie","Milwaukee","Wisconsin","Minorista",67,"Central","61-80"
1111,"Strain, Ramon","Appleton","Wisconsin","Minorista",68,"Central","61-80"
1112,"Azari, Pat","Columbus","Ohio    ","Minorista",52,"Central","41-60"
1113,"Dabit, Bob","Akron","Ohio    ","Minorista",70,"Central","61-80"
1114,"Carmona, Marty","Columbus","Ohio    ","Minorista",68,"Central","61-80"
1115,"Saxton, Gina","Akron","Ohio    ","Minorista",66,"Central","61-80"
1116,"McLaughlin, Juan","Toledo","Ohio    ","Minorista",63,"Central","61-80"
1117,"Eyster, Carol","Columbus","Ohio    ","Minorista",50,"Central","41-60"
1118,"Henry, Nancy","Toledo","Ohio    ","Minorista",62,"Central","61-80"
1119,"Barros, Chris","Akron","Ohio    ","Minorista",68,"Central","61-80"
1120,"Groome, Christopher","Cleveland","Ohio    ","Minorista",58,"Central","41-60"
1121,"Hill, Anna","Toledo","Ohio    ","Minorista",72,"Central","61-80"
1122,"Williams, Ramon","Akron","Ohio    ","Minorista",57,"Central","41-60"
1123,"Masters, Scott","Cleveland","Ohio    ","Minorista",61,"Central","61-80"
1124,"Brady, Jr., Joseph","Columbus","Ohio    ","Minorista",76,"Central","61-80"
1125,"Gray, Ellen","Akron","Ohio    ","Minorista",55,"Central","41-60"
1126,"Fielder, Henry","Columbus","Ohio    ","Minorista",65,"Central","61-80"
1127,"Finnell, Jeanine","Cleveland","Ohio    ","Minorista",74,"Central","61-80"
1128,"Schuetz, Ian","Cleveland","Ohio    ","Minorista",78,"Central","61-80"
1129,"Runyon, Richard","Kansas City","Missouri","Minorista",59,"Central","41-60"
1130,"Potter, Linda","Kansas City","Missouri","Minorista",62,"Central","61-80"
1131,"Smith, Mary","St. Loius","Missouri","Minorista",73,"Central","61-80"
1132,"Brumagen, Barbara","St. Loius","Missouri","Minorista",66,"Central","61-80"
1133,"Hamilton, Thelma","Kansas City","Missouri","Minorista",61,"Central","61-80"
1134,"J Wilbert, Shirley","Kansas City","Missouri","Minorista",70,"Central","61-80"
1135,"Ingram, Jeremy","St. Loius","Missouri","Minorista",64,"Central","61-80"
1136,"Haddix, Sharon","Kansas City","Missouri","Minorista",69,"Central","61-80"
1137,"Thomas, Leland","Kansas City","Missouri","Minorista",60,"Central","41-60"
1138,"Wilson, Don","St. Loius","Missouri","Minorista",65,"Central","61-80"
1139,"Stovall, Wayne","Kansas City","Missouri","Minorista",61,"Central","61-80"
1140,"Russell, Douglas","Kansas City","Missouri","Minorista",63,"Central","61-80"
1141,"Doose, Maureen","Kansas City","Missouri","Minorista",74,"Central","61-80"
1142,"Morreale, Ann","St. Loius","Missouri","Minorista",60,"Central","41-60"
1143,"Rupert, Sheila","Kansas City","Missouri","Minorista",74,"Central","61-80"
1144,"Pierson, Ashley","St. Loius","Missouri","Minorista",60,"Central","41-60"
1145,"Nickels, Ivan","Kansas City","Missouri","Minorista",76,"Central","61-80"
1146,"Neuhauser, Chad","St. Loius","Missouri","Minorista",56,"Central","41-60"
1147,"Coke, Ann","Kansas City","Missouri","Minorista",64,"Central","61-80"
1148,"Scarbrough, Jon","Kansas City","Missouri","Minorista",66,"Central","61-80"
1149,"Martensen, Lillian","St. Loius","Missouri","Minorista",62,"Central","61-80"
1150,"McCormick, Mary","St. Loius","Missouri","Minorista",65,"Central","61-80"
1151,"Sparacino, James","St. Loius","Missouri","Minorista",61,"Central","61-80"
1152,"Racette, John","Kansas City","Missouri","Minorista",73,"Central","61-80"
1153,"Thompson, Edwardo","Des Moines","Iowa     ","Minorista",58,"Central","41-60"
1154,"Warren, Sam","Dubuque","Iowa    ","Minorista",60,"Central","41-60"
1155,"Chow-Wang, Shelby","Des Moines","Iowa    ","Minorista",66,"Central","61-80"
1156,"Wood, Nelly","Dubuque","Iowa    ","Minorista",69,"Central","61-80"
1157,"Morgan, Jackie","Des Moines","Iowa    ","Minorista",68,"Central","61-80"
1158,"Boje, Gavin","Des Moines","Iowa    ","Minorista",53,"Central","41-60"
1159,"Tsujimoto, Marlene","Dubuque","Iowa    ","Minorista",67,"Central","61-80"
1160,"Bouton, RitaIva","Des Moines","Iowa    ","Minorista",67,"Central","61-80"
1161,"Gras, Dell","Des Moines","Iowa    ","Minorista",70,"Central","61-80"
1162,"Solano, Christopher","Des Moines","Iowa    ","Minorista",65,"Central","61-80"
1163,"Armstrong, George","Dubuque","Iowa    ","Minorista",70,"Central","61-80"
1164,"Aldred, Kristine","Dubuque","Iowa    ","Minorista",86,"Central","+80"
1165,"Jorgenson, Tom","Des Moines","Iowa    ","Minorista",67,"Central","61-80"
1166,"Turner, Dana","Des Moines","Iowa    ","Minorista",60,"Central","41-60"
1167,"Zakerski, Terry","Dubuque","Iowa    ","Minorista",77,"Central","61-80"
1168,"Carlson, David","Des Moines","Iowa    ","Minorista",65,"Central","61-80"
1169,"Symons, Linda","Dubuque","Iowa    ","Minorista",65,"Central","61-80"
1170,"Reynolds, Louis","Dubuque","Iowa    ","Minorista",81,"Central","+80"
1171,"Ibsen, Maureen","Dubuque","Iowa    ","Minorista",59,"Central","41-60"
1172,"Ciochon, Virginia","Dubuque","Iowa    ","Minorista",69,"Central","61-80"
1173,"Berger, Steve","Oklahoma City","Oklahoma","Minorista",74,"South","61-80"
1174,"Bayol, James","Oklahoma City","Oklahoma","Minorista",74,"South","61-80"
1175,"Thumann, Meredith","Tulsa","Oklahoma","Minorista",64,"South","61-80"
1176,"Jones, Julie","Oklahoma City","Oklahoma","Minorista",75,"South","61-80"
1177,"Bury, Janet","Tulsa","Oklahoma","Minorista",71,"South","61-80"
1178,"Bevan, Onita","Tulsa","Oklahoma","Minorista",72,"South","61-80"
1179,"Monarco, Mary","Oklahoma City","Oklahoma","Minorista",49,"South","41-60"
1180,"Zingarelli, Vicky","Oklahoma City","Oklahoma","Minorista",77,"South","61-80"
1181,"Valentine, Helen","Tulsa","Oklahoma","Minorista",65,"South","61-80"
1182,"Scheulen, Carol","Oklahoma City","Oklahoma","Minorista",69,"South","61-80"
1183,"Koon, Virgie","Tulsa","Oklahoma","Minorista",56,"South","41-60"
1184,"Amole, Sarah","Oklahoma City","Oklahoma","Minorista",71,"South","61-80"
1185,"Hill, Cecil","Oklahoma City","Oklahoma","Minorista",45,"South","41-60"
1186,"Tate, Ruth","Oklahoma City","Oklahoma","Minorista",57,"South","41-60"
1187,"Schnurr, Larry","Oklahoma City","Oklahoma","Minorista",74,"South","61-80"
1188,"Sutton, Jerry","Tulsa","Oklahoma","Minorista",76,"South","61-80"
1189,"Mlincek, Kevin","Tulsa","Oklahoma","Minorista",62,"South","61-80"
1190,"Tucker, Edward","Oklahoma City","Oklahoma","Minorista",59,"South","41-60"
1191,"Forham, Kenton","Tulsa","Oklahoma","Minorista",73,"South","61-80"
1192,"Malik, Brittany","New Orleans","Louisiana","Minorista",59,"South","41-60"
1193,"Eldridge, Jeannette","New Orleans","Louisiana","Minorista",78,"South","61-80"
1194,"Anderson, Terry","New Orleans","Louisiana","Minorista",66,"South","61-80"
1195,"Sosa, Loni","New Orleans","Louisiana","Minorista",79,"South","61-80"
1196,"Mann, Marie","Shreveport","Louisiana","Minorista",63,"South","61-80"
1198,"Ansaldo, Karen","New Orleans","Louisiana","Minorista",71,"South","61-80"
1199,"Caijem, Lance","New Orleans","Louisiana","Minorista",69,"South","61-80"
1200,"Yates, Pamela","Shreveport","Louisiana","Minorista",70,"South","61-80"
1201,"Turner, Iwona","New Orleans","Louisiana","Minorista",54,"South","41-60"
1202,"Fulcher, Mary","Shreveport","Louisiana","Minorista",78,"South","61-80"
1203,"Berg, Raymond","New Orleans","Louisiana","Minorista",63,"South","61-80"
1204,"Lopez, Ramona","Shreveport","Louisiana","Minorista",69,"South","61-80"
1205,"Valdivia, Helen","New Orleans","Louisiana","Minorista",52,"South","41-60"
1206,"Cardoza, Beverly","New Orleans","Louisiana","Minorista",59,"South","41-60"
1207,"Hall, Mary","Shreveport","Louisiana","Minorista",69,"South","61-80"
1208,"Minarick, Rachel","New Orleans","Louisiana","Minorista",66,"South","61-80"
1209,"Los Olmos, Dorine","Shreveport","Louisiana","Minorista",62,"South","61-80"
1210,"Garner, Dave","Dallas","Texas   ","Minorista",71,"South","61-80"
1211,"Leong, Lois","Houston","Texas   ","Minorista",73,"South","61-80"
1212,"Tate, Larasa","Amarillo","Texas   ","Minorista",55,"Central","41-60"
1213,"Watson, David","San Antonio","Texas   ","Minorista",49,"South","41-60"
1214,"Frank, James","San Antonio","Texas   ","Minorista",62,"South","61-80"
1215,"Wood, Alfredo","Dallas","Texas   ","Minorista",79,"South","61-80"
1216,"Baird, Dorothy","San Antonio","Texas   ","Minorista",67,"South","61-80"
1217,"Jans, George","Amarillo","Texas   ","Minorista",69,"Central","61-80"
1218,"Garrison, Bernadine","Houston","Texas   ","Minorista",64,"South","61-80"
1219,"Zeller, Sam","Houston","Texas   ","Minorista",65,"South","61-80"
1220,"Ace, Dorothy","Sweetwater","Texas   ","Minorista",60,"South","41-60"
1221,"Trujillo, Adria","San Antonio","Texas   ","Minorista",56,"South","41-60"
1222,"McCown, Bunny","Amarillo","Texas   ","Minorista",67,"Central","61-80"
1223,"Miller, Nancy","San Antonio","Texas   ","Minorista",62,"South","61-80"
1224,"Hollar, Wanda","Amarillo","Texas   ","Minorista",70,"Central","61-80"
1225,"Wallin, Barbara","Houston","Texas   ","Minorista",61,"South","61-80"
1226,"Bruha, Michael","Houston","Texas   ","Minorista",61,"South","61-80"
1227,"Suggs, Michael","Albuquerque","New Mexico","Minorista",77,"South","61-80"
1228,"Turner, Kenneth","Albuquerque","New Mexico","Minorista",82,"South","+80"
1229,"Griffin, Lois","Albuquerque","New Mexico","Minorista",65,"South","61-80"
1230,"Guardamondo, Robert","Albuquerque","New Mexico","Minorista",59,"South","41-60"
1231,"West, Bryan","Albuquerque","New Mexico","Minorista",58,"South","41-60"
1232,"Welsh, Vicki","Albuquerque","New Mexico","Minorista",83,"South","+80"
1233,"McCollum, Harvey","Albuquerque","New Mexico","Minorista",52,"South","41-60"
1234,"Cramer, Mary","Albuquerque","New Mexico","Minorista",54,"South","41-60"
1235,"Fike, Linda","Albuquerque","New Mexico","Minorista",62,"South","61-80"
1236,"Adair, Sam","Albuquerque","New Mexico","Minorista",67,"South","61-80"
1237,"Kolosso, Jerry","Albuquerque","New Mexico","Minorista",73,"South","61-80"
1238,"Carpenter, Todd","Albuquerque","New Mexico","Minorista",83,"South","+80"
1239,"Watkins, Lisa","Albuquerque","New Mexico","Minorista",65,"South","61-80"
1240,"Barrera, Kevin","Albuquerque","New Mexico","Minorista",61,"South","61-80"
1241,"Price, Maria","Albuquerque","New Mexico","Minorista",58,"South","41-60"
1242,"Rosemont, Flossie","Albuquerque","New Mexico","Minorista",63,"South","61-80"
1243,"McMenama, Betty","Albuquerque","New Mexico","Minorista",57,"South","41-60"
1244,"Lyons, Max","Albuquerque","New Mexico","Minorista",66,"South","61-80"
1245,"Sandy Kurtz, Christine","Albuquerque","New Mexico","Minorista",54,"South","41-60"
1246,"Santry, Rita","Aspen","Colorado","Minorista",71,"Central","61-80"
1247,"Quigle, Catherine","Aspen","Colorado","Minorista",74,"Central","61-80"
1248,"Christensen, Patricia","Denver","Colorado","Minorista",71,"Central","61-80"
1249,"Mercurio, Anne","Grand Junction","Colorado","Minorista",73,"Central","61-80"
1250,"McGrath, Louis","Grand Junction","Colorado","Minorista",79,"Central","61-80"
1251,"Wright, Rachael","Denver","Colorado","Minorista",64,"Central","61-80"
1252,"Skuce, Richard","Denver","Colorado","Minorista",64,"Central","61-80"
1253,"Coleman, George","Denver","Colorado","Minorista",75,"Central","61-80"
1254,"Barnes, Lois","Denver","Colorado","Minorista",69,"Central","61-80"
1255,"Camille, Jacky","Grand Junction","Colorado","Minorista",55,"Central","41-60"
1256,"Allenbach, Michelle","Denver","Colorado","Minorista",63,"Central","61-80"
1257,"Smith, Franklin","Aspen","Colorado","Minorista",63,"Central","61-80"
1258,"Minker, John","Aspen","Colorado","Minorista",73,"Central","61-80"
1259,"Jimenez, Sarah","Aspen","Colorado","Minorista",47,"Central","41-60"
1260,"Malaby, Darwin","Aspen","Colorado","Minorista",66,"Central","61-80"
1261,"Caldwell, Pamela","Grand Junction","Colorado","Minorista",65,"Central","61-80"
1262,"Tinder, Roger","Grand Junction","Colorado","Minorista",58,"Central","41-60"
1263,"Kropff, Joseph","Grand Junction","Colorado","Minorista",57,"Central","41-60"
1264,"Worsham, Mimi","Grand Junction","Colorado","Minorista",68,"Central","61-80"
1265,"Bernal, Ruth","Provo","Utah    ","Minorista",68,"West","61-80"
1266,"Zimmerman, Yolanda","Provo","Utah    ","Minorista",65,"West","61-80"
1267,"Evans, Sandra","Salt Lake City","Utah    ","Minorista",67,"West","61-80"
1268,"Bowman, Virginia","Provo","Utah    ","Minorista",69,"West","61-80"
1269,"Coleman, Mary","Salt Lake City","Utah    ","Minorista",60,"West","41-60"
1270,"Chrisulis, Kevin","Salt Lake City","Utah    ","Minorista",67,"West","61-80"
1271,"Whitcomb, Lee","Provo","Utah    ","Minorista",59,"West","41-60"
1272,"Turcios, Brian","Provo","Utah    ","Minorista",72,"West","61-80"
1273,"Confetti, Jennifer","Salt Lake City","Utah    ","Minorista",77,"West","61-80"
1274,"Takemura, Geneva","Salt Lake City","Utah    ","Minorista",66,"West","61-80"
1275,"Campbell, Lynn","Salt Lake City","Utah    ","Minorista",64,"West","61-80"
1276,"Smith, Nina","Salt Lake City","Utah    ","Minorista",71,"West","61-80"
1277,"Vuong, Darrell","Provo","Utah    ","Minorista",67,"West","61-80"
1278,"Abbott, Eric","Salt Lake City","Utah    ","Minorista",74,"West","61-80"
1279,"Liff, Doris","Salt Lake City","Utah    ","Minorista",63,"West","61-80"
1280,"Steinberg, John","Salt Lake City","Utah    ","Minorista",60,"West","41-60"
1281,"Megel, Jerry","Provo","Utah    ","Minorista",60,"West","41-60"
1282,"Styles, John","Salt Lake City","Utah    ","Minorista",53,"West","41-60"
1283,"Head, Shirley","Salt Lake City","Utah    ","Minorista",69,"West","61-80"
1284,"Story, James","Salt Lake City","Utah    ","Minorista",47,"West","41-60"
1285,"Boone, Jean","Reno","Nevada  ","Minorista",81,"West","+80"
1286,"Mccoy, Ralph","Carson City","Nevada  ","Minorista",76,"West","61-80"
1287,"Tuck, Anne","Carson City","Nevada  ","Minorista",73,"West","61-80"
1288,"Sincich, Joy","Las Vegas","Nevada  ","Minorista",63,"West","61-80"
1289,"Jameson, Bertha","Reno","Nevada  ","Minorista",73,"West","61-80"
1290,"Sanchez, Charles","Reno","Nevada  ","Minorista",68,"West","61-80"
1291,"Parks, Wanda","Las Vegas","Nevada  ","Minorista",68,"West","61-80"
1292,"Vij, Nathan","Las Vegas","Nevada  ","Minorista",70,"West","61-80"
1293,"Zugschwert, Corinne","Las Vegas","Nevada  ","Minorista",68,"West","61-80"
1294,"Adams, Michelle","Las Vegas","Nevada  ","Minorista",52,"West","41-60"
1295,"Steen, Donahue","Reno","Nevada  ","Minorista",50,"West","41-60"
1296,"Baker, John","Reno","Nevada  ","Minorista",58,"West","41-60"
1297,"Pearl, Keith","Reno","Nevada  ","Minorista",59,"West","41-60"
1298,"Roundtree, Sarah","Carson City","Nevada  ","Minorista",66,"West","61-80"
1299,"Bollin, Lawrence","Carson City","Nevada  ","Minorista",67,"West","61-80"
1300,"Hopkins, Fred","Carson City","Nevada  ","Minorista",56,"West","41-60"
1301,"Vicknair, Caroline","Las Vegas","Nevada  ","Minorista",56,"West","41-60"
1302,"McPhearson, Nancy","Bend","Oregon  ","Minorista",63,"West","61-80"
1303,"Albright, Anna","Bend","Oregon  ","Minorista",70,"West","61-80"
1304,"Thomas, Phyllis","Bend","Oregon  ","Minorista",64,"West","61-80"
1305,"Perko, Tina","Portland","Oregon  ","Minorista",65,"West","61-80"
1306,"McCarty, Jane","Bend","Oregon  ","Minorista",62,"West","61-80"
1307,"Bent, Scot","Portland","Oregon  ","Minorista",78,"West","61-80"
1308,"Chambers, Pat","Portland","Oregon  ","Minorista",66,"West","61-80"
1309,"Bellifa, Stanley","Portland","Oregon  ","Minorista",54,"West","41-60"
1310,"Johnson, Samuel","Bend","Oregon  ","Minorista",69,"West","61-80"
1311,"Vrins, Janice","Portland","Oregon  ","Minorista",68,"West","61-80"
1312,"Mcdonald, Christinia","Bend","Oregon  ","Minorista",68,"West","61-80"
1313,"Weldon, Ole","Portland","Oregon  ","Minorista",80,"West","61-80"
1314,"Choin, Ruth","Bend","Oregon  ","Minorista",62,"West","61-80"
1315,"Crow, Sharon","Bend","Oregon  ","Minorista",55,"West","41-60"
1316,"Avalos, Robert","Bend","Oregon  ","Minorista",51,"West","41-60"
1317,"Jacobsen, Eric","Portland","Oregon  ","Minorista",68,"West","61-80"
1318,"Castro, Pamela","Portland","Oregon  ","Minorista",67,"West","61-80"
1319,"Caldwell, Sylvia","Bend","Oregon  ","Minorista",65,"West","61-80"
1320,"Reed, Russell","Portland","Oregon  ","Minorista",58,"West","41-60"
1321,"Kelley, Victor","San Francisco","California","Minorista",70,"West","61-80"
1322,"Taylor, Damon","Los Angeles","California","Minorista",68,"West","61-80"
1323,"Robinson, Rebecca","Santa Clara","California","Minorista",44,"West","41-60"
1324,"Thomsen, Andrea","Bakersfield","California","Minorista",58,"West","41-60"
1325,"Baldwin, Douglas","Bakersfield","California","Minorista",63,"West","61-80"
1326,"Yuhasz, Ian","San Francisco","California","Minorista",61,"West","61-80"
1327,"Carmody, Jovita","Eureka","California","Minorista",68,"West","61-80"
1328,"Gonzales, Lynn","San Francisco","California","Minorista",56,"West","41-60"
1329,"Allen, Phyllis","Los Angeles","California","Minorista",64,"West","61-80"
1330,"Caprio, Johnny","Sacramento","California","Minorista",77,"West","61-80"
1331,"Slaven, Lanna","Santa Clara","California","Minorista",71,"West","61-80"
1332,"Ortiz, Fred","San Diego","California","Minorista",65,"West","61-80"
1333,"Beaver, John","Sacramento","California","Minorista",91,"West","+80"
1334,"Rhodes, Albert","Fresno","California","Minorista",65,"West","61-80"
1335,"Kaffer, Scott","Eureka","California","Minorista",59,"West","41-60"
1336,"Bales, Jennifer","Bakersfield","California","Minorista",80,"West","61-80"
1337,"Stotka, Louis","Los Angeles","California","Minorista",73,"West","61-80"
1338,"Maynard, Sandra","Spokane","Washington","Minorista",60,"West","41-60"
1339,"Tuell, Gracia","Redmond","Washington","Minorista",56,"West","41-60"
1340,"Burnett, Timothy","Seattle","Washington","Minorista",70,"West","61-80"
1341,"Haugh, James","Spokane","Washington","Minorista",80,"West","61-80"
1342,"Moberly, Paula","Seattle","Washington","Minorista",74,"West","61-80"
1343,"Meyer, Eric","Redmond","Washington","Minorista",55,"West","41-60"
1344,"Orona, Gloria","Seattle","Washington","Minorista",80,"West","61-80"
1345,"Warmack, Ruth","Spokane","Washington","Minorista",62,"West","61-80"
1346,"Wall, Joanna","Spokane","Washington","Minorista",68,"West","61-80"
1347,"Appelbaum, Sabria","Redmond","Washington","Minorista",70,"West","61-80"
1348,"Kung, Jeffrey","Spokane","Washington","Minorista",64,"West","61-80"
1349,"Wilson, Gloria","Seattle","Washington","Minorista",70,"West","61-80"
1350,"Tuffield, Phyllis","Seattle","Washington","Minorista",69,"West","61-80"
1351,"Ping, Patricia","Seattle","Washington","Minorista",67,"West","61-80"
1352,"Shepard, David","Spokane","Washington","Minorista",80,"West","61-80"
1353,"Bailey, James","Redmond","Washington","Minorista",60,"West","41-60"
1354,"Chestnut, Susan","Redmond","Washington","Minorista",70,"West","61-80"
1355,"Toone, Delia","Seattle","Washington","Minorista",67,"West","61-80"
1356,"Armstrong, Thomas","Seattle","Washington","Minorista",74,"West","61-80"
1357,"Billstrom, Mary","Seattle","Washington","Minorista",79,"West","61-80"
1358,"Stotka, Robert","Redmond","Washington","Minorista",76,"West","61-80"
1359,"Johnson, Danielle","Seattle","Washington","Minorista",54,"West","41-60"
