"cod_empleado","nombre","sexo","edad","antiguedad"
1,"Nowmer, Sheri","F",40,25
2,"Whelply, Derrick","M",51,24
3,"Spence, Michael","M",56,24
4,"Gutierrez, Maya","F",53,24
5,"Damstra, Roberta","F",40,24
6,"Kanagaki, Rebecca","F",37,22
7,"Brunner, Kim","F",38,24
8,"Blumberg, Brenda","F",46,24
9,"Stanz, Darren","M",46,21
10,"Murraiin, Jonathan","M",41,23
11,"Creek, Jewel","F",49,24
12,"Medina, Peggy","F",41,23
13,"Rutledge, Bryan","M",45,24
14,"Cavestany, Walter","M",56,23
15,"Planck, Peggy","F",38,24
16,"Marshall, Brenda","F",40,24
17,"Wolter, Daniel","M",43,24
18,"Collins, Dianne","F",41,23
19,"Baker, Beverly","F",55,24
20,"Castillo, Pedro","M",43,25
21,"Borges, Laurie","F",38,24
22,"Wyro, Shauna","F",39,24
23,"Wyllie, Jacqueline","F",42,22
24,"Conley, Lin","F",55,25
25,"Bernard, Jose","M",37,24
26,"Macaluso, Charles","M",40,24
27,"Wood, Lois","F",37,23
28,"Armstrong, Kevin","M",39,23
29,"Goldey, Cody","M",42,21
30,"Nickell, Paula","F",52,25
31,"Long, Eric","M",39,24
32,"Solimena, Mary","F",40,24
33,"Muenich, Nathan","M",40,25
34,"Young, Ed","M",43,25
35,"Arnold, Donna","F",52,25
36,"Cooper, Jennifer","F",40,24
37,"Petty, Peggy","F",39,24
38,"Olguin, Jessica","F",39,23
39,"Burchett, Phyllis","F",46,24
40,"Bechard, Howard","M",40,24
41,"Carter, Doris","F",44,22
42,"Sharp, Juanita","F",40,25
43,"Brunner, Sandra","F",38,24
44,"Staton, Ernest","M",39,23
45,"Sims, Rose","F",39,24
46,"De Carlo, Lauretta","F",46,25
47,"Williams, Mary","F",41,23
48,"Burke, Terri","F",50,24
49,"Osborn, Audrey","F",46,25
50,"Binai, Brian","M",41,22
51,"Lozada, Concepcion","F",48,25
52,"Tays, Paul","M",39,24
53,"Thorton, Cheryl","F",53,23
54,"Dumin, Gary","M",55,25
55,"Chin, Pat","F",44,23
56,"Lovell, Zach","M",41,23
57,"Ratcliff, Dave","M",42,22
58,"Moss, Elizabeth","F",48,24
59,"Anderson, Lori","F",35,24
60,"Everson, Michael","M",40,24
61,"Borden, Mary","F",37,25
62,"Willson, Sue","F",52,22
63,"Harris, Clayton","M",36,25
64,"Contreras, Whitney","F",42,22
65,"Pusedu, Boyd","M",42,22
66,"Stedman, Cian","F",46,23
67,"Zocchi, Michele","F",56,24
68,"Walsh, Jean","F",53,23
69,"Renfro, Leopoldo","M",56,24
70,"Brockett, Donna","F",41,24
71,"Anderson, Laurie","F",48,22
72,"Gomez, Louis","M",36,24
73,"Walker, Julie","F",50,25
74,"Jones, Jay","M",41,22
75,"Winfrey, Gayle","F",54,24
76,"Brown, Yasmina","F",43,21
77,"Touchstone, Joseph","M",43,24
78,"Bakhtyari, Mary","F",37,21
79,"Glass, Melvin","M",45,24
80,"Cohen, Kristin","F",40,23
81,"Kharman, Susan","F",43,25
82,"Kirschner, Gordon","M",41,24
83,"Burger, William","M",55,23
84,"Blau, Lana","F",46,24
85,"Derby, Donna","F",52,24
86,"Thomson, Kathleen","F",40,23
87,"Walton, Gabriel","F",46,22
88,"Meastas, Bishop","M",55,24
89,"Kouba, Geneva","F",38,25
90,"Clark, Tricia","F",44,23
91,"Munn, Debi","F",36,24
92,"Goldberg, Patricia","F",50,25
93,"Magenheim, Susan","F",53,24
94,"Hance, Nancy","F",43,23
95,"Mehlert, Rhonda","F",37,23
96,"Duran, Paula","F",39,22
97,"Earley, Margaret","F",52,23
98,"Horne, Elizabeth","F",43,24
99,"Hunt, Mary","F",46,24
100,"Allen, Libby","F",49,25
101,"Bruno, Bonnie","F",42,23
102,"Bowers, Angela","F",53,23
103,"Gonzales, Donald","M",43,24
104,"Valdez, Sylvester","M",52,24
105,"Stewart, John","M",56,24
106,"Velasquez, Barney","M",46,24
107,"Dubois, Kenneth","M",51,23
108,"Maestas, Kate","F",53,22
109,"Underwood, Josie","F",44,22
110,"Strain, Ramon","M",53,23
111,"Azari, Pat","F",44,24
112,"Dabit, Bob","M",53,24
113,"Carmona, Marty","M",38,23
114,"Saxton, Gina","F",37,22
115,"McLaughlin, Juan","M",52,24
116,"Eyster, Carol","F",54,23
117,"Henry, Nancy","F",39,22
118,"Barros, Chris","F",50,24
119,"Groome, Christopher","M",37,22
120,"Hill, Anna","F",42,23
121,"Williams, Ramon","M",38,22
122,"Masters, Scott","M",38,22
123,"Brady, Jr., Joseph","M",46,23
124,"Gray, Ellen","F",42,25
125,"Fielder, Henry","M",41,24
126,"Finnell, Jeanine","F",44,25
127,"Schuetz, Ian","M",38,22
128,"Runyon, Richard","M",46,24
129,"Potter, Linda","F",35,23
130,"Smith, Mary","F",51,24
131,"Brumagen, Barbara","F",50,25
132,"Hamilton, Thelma","F",37,23
133,"Wilbert, Shirley","F",43,24
134,"Ingram, Jeremy","M",39,24
135,"Haddix, Sharon","F",45,25
136,"Thomas, Leland","M",56,24
137,"Wilson, Don","M",40,24
138,"Stovall, Wayne","M",39,24
139,"Russell, Douglas","M",41,22
140,"Doose, Maureen","F",46,23
141,"Morreale, Ann","F",42,23
142,"Rupert, Sheila","F",44,25
143,"Pierson, Ashley","F",52,22
144,"Nickels, Ivan","M",40,22
145,"Neuhauser, Chad","M",36,25
146,"Coke, Ann","F",38,23
147,"Scarbrough, Jon","M",38,21
148,"Martensen, Lillian","F",39,23
149,"McCormick, Mary","F",46,24
150,"Sparacino, James","M",41,23
151,"Racette, John","M",51,24
152,"Thompson, Edwardo","M",40,24
153,"Warren, Sam","M",41,24
154,"Chow-Wang, Shelby","M",45,23
155,"Wood, Nelly","F",44,24
156,"Morgan, Jackie","F",55,23
157,"Boje, Gavin","M",39,25
158,"Tsujimoto, Marlene","F",35,23
159,"Bouton, RitaIva","F",52,22
160,"Gras, Dell","F",37,24
161,"Solano, Christopher","M",55,22
162,"Armstrong, George","M",43,24
163,"Aldred, Kristine","F",55,23
164,"Jorgenson, Tom","M",55,23
165,"Turner, Dana","F",46,23
166,"Zakerski, Terry","M",37,24
167,"Carlson, David","F",40,23
168,"Symons, Linda","F",53,25
169,"Reynolds, Louis","M",43,24
170,"Ibsen, Maureen","M",36,25
171,"Ciochon, Virginia","F",40,24
172,"Berger, Steve","F",53,22
173,"Bayol, James","F",40,24
174,"Thumann, Meredith","F",40,23
175,"Jones, Julie","M",43,23
176,"Bury, Janet","M",44,23
177,"Bevan, Onita","M",38,24
178,"Monarco, Mary","M",37,23
179,"Zingarelli, Vicky","F",37,22
180,"Valentine, Helen","F",37,22
181,"Scheulen, Carol","F",50,25
182,"Koon, Virgie","M",45,23
183,"Amole, Sarah","F",48,25
184,"Hill, Cecil","M",39,24
185,"Tate, Ruth","F",45,25
186,"Schnurr, Larry","M",37,22
187,"Sutton, Jerry","F",37,23
188,"Mlincek, Kevin","M",45,24
189,"Tucker, Edward","F",49,23
190,"Forham, Kenton","F",39,23
191,"Malik, Brittany","F",39,24
192,"Eldridge, Jeannette","M",40,24
193,"Anderson, Terry","F",43,24
194,"Sosa, Loni","F",44,24
195,"Mann, Marie","M",38,24
196,"Prater, Michael","F",41,23
197,"Ansaldo, Karen","F",42,25
198,"Caijem, Lance","M",43,24
199,"Yates, Pamela","F",56,23
200,"Turner, Iwona","F",48,22
201,"Fulcher, Mary","F",45,22
202,"Berg, Raymond","M",42,24
203,"Lopez, Ramona","M",39,25
204,"Valdivia, Helen","M",42,24
205,"Cardoza, Beverly","F",53,25
206,"Hall, Mary","M",54,24
207,"Minarick, Rachel","F",37,22
208,"Los Olmos, Dorine","M",52,25
209,"Garner, Dave","F",42,24
210,"Leong, Lois","M",38,24
211,"Tate, Larasa","M",56,24
212,"Watson, David","F",39,22
213,"Frank, James","M",44,24
214,"Wood, Alfredo","M",49,23
215,"Baird, Dorothy","F",55,24
216,"Jans, George","M",42,23
217,"Garrison, Bernadine","M",43,25
218,"Zeller, Sam","M",42,23
219,"Ace, Dorothy","F",45,24
220,"Trujillo, Adria","F",38,23
221,"McCown, Bunny","F",52,22
222,"Miller, Nancy","F",43,25
223,"Hollar, Wanda","F",41,23
224,"Wallin, Barbara","M",41,23
225,"Bruha, Michael","F",37,24
226,"Suggs, Michael","F",56,24
227,"Turner, Kenneth","F",44,24
228,"Griffin, Lois","F",42,24
229,"Guardamondo, Robert","M",45,24
230,"West, Bryan","F",41,24
231,"Welsh, Vicki","F",50,23
232,"McCollum, Harvey","M",39,24
233,"Cramer, Mary","M",48,22
234,"Fike, Linda","M",45,23
235,"Adair, Sam","M",44,25
236,"Kolosso, Jerry","M",37,25
237,"Carpenter, Todd","F",54,22
238,"Watkins, Lisa","M",45,22
239,"Barrera, Kevin","M",50,21
240,"Price, Maria","M",40,24
241,"Rosemont, Flossie","M",37,23
242,"McMenama, Betty","M",55,22
243,"Lyons, Max","F",42,23
244,"Sandy Kurtz, Christine","M",37,24
245,"Santry, Rita","M",42,23
246,"Quigle, Catherine","F",44,24
247,"Christensen, Patricia","M",46,24
248,"Mercurio, Anne","F",52,24
249,"McGrath, Louis","M",36,25
250,"Wright, Rachael","F",39,24
251,"Skuce, Richard","M",41,22
252,"Coleman, George","F",54,24
253,"Barnes, Lois","M",52,25
254,"Camille, Jacky","M",43,23
255,"Allenbach, Michelle","M",37,23
256,"Smith, Franklin","F",40,23
257,"Minker, John","M",37,23
258,"Jimenez, Sarah","M",48,24
259,"Malaby, Darwin","M",48,24
260,"Caldwell, Pamela","M",51,24
261,"Tinder, Roger","F",40,24
262,"Kropff, Joseph","F",55,24
263,"Worsham, Mimi","F",47,24
264,"Bernal, Ruth","F",40,22
265,"Zimmerman, Yolanda","M",39,24
266,"Evans, Sandra","F",46,23
267,"Bowman, Virginia","M",38,23
268,"Coleman, Mary","F",39,24
269,"Chrisulis, Kevin","M",42,24
270,"Whitcomb, Lee","M",38,23
271,"Turcios, Brian","F",41,25
272,"Confetti, Jennifer","F",40,22
273,"Takemura, Geneva","M",41,22
274,"Campbell, Lynn","F",40,25
275,"Smith, Nina","M",45,24
276,"Vuong, Darrell","M",40,24
277,"Abbott, Eric","F",43,22
278,"Liff, Doris","F",37,24
279,"Steinberg, John","F",55,24
280,"Megel, Jerry","F",49,24
281,"Styles, John","F",41,24
282,"Head, Shirley","M",46,24
283,"Story, James","F",42,25
284,"Boone, Jean","F",39,23
285,"Mccoy, Ralph","F",38,24
286,"Tuck, Anne","F",46,24
287,"Sincich, Joy","F",42,24
288,"Jameson, Bertha","F",42,24
289,"Sanchez, Charles","M",56,24
290,"Parks, Wanda","M",40,25
291,"Vij, Nathan","M",39,22
292,"Zugschwert, Corinne","M",52,24
293,"Adams, Michelle","F",52,24
294,"Steen, Donahue","M",37,24
295,"Baker, John","F",37,25
296,"Pearl, Keith","F",51,23
297,"Roundtree, Sarah","F",46,25
298,"Bollin, Lawrence","F",39,22
299,"Hopkins, Fred","M",39,24
300,"Vicknair, Caroline","F",41,23
301,"McPhearson, Nancy","F",42,24
302,"Albright, Anna","M",37,22
303,"Thomas, Phyllis","M",40,24
304,"Perko, Tina","F",40,23
305,"McCarty, Jane","M",42,23
306,"Bent, Scot","F",54,22
307,"Chambers, Pat","F",50,23
308,"Bellifa, Stanley","M",37,23
309,"Johnson, Samuel","F",48,24
310,"Vrins, Janice","M",46,24
311,"Mcdonald, Christinia","M",41,24
312,"Weldon, Ole","M",40,25
313,"Choin, Ruth","F",44,23
314,"Crow, Sharon","M",52,24
315,"Avalos, Robert","M",37,24
316,"Jacobsen, Eric","M",39,24
317,"Castro, Pamela","F",36,24
318,"Caldwell, Sylvia","F",51,24
319,"Reed, Russell","F",42,25
320,"Kelley, Victor","M",42,24
321,"Taylor, Damon","M",46,22
322,"Robinson, Rebecca","F",38,23
323,"Thomsen, Andrea","M",46,24
324,"Baldwin, Douglas","F",43,23
325,"Yuhasz, Ian","F",37,23
326,"Carmody, Jovita","F",41,24
327,"Gonzales, Lynn","M",44,22
328,"Allen, Phyllis","F",37,24
329,"Caprio, Johnny","F",37,25
330,"Slaven, Lanna","M",36,23
331,"Ortiz, Fred","M",37,24
332,"Beaver, John","F",40,21
333,"Rhodes, Albert","F",52,25
334,"Kaffer, Scott","F",45,23
335,"Bales, Jennifer","M",38,23
336,"Stotka, Louis","F",42,23
337,"Maynard, Sandra","M",41,24
338,"Tuell, Gracia","F",46,24
339,"Burnett, Timothy","F",33,24
340,"Haugh, James","M",43,23
341,"Moberly, Paula","F",40,24
342,"Meyer, Eric","F",44,24
343,"Orona, Gloria","M",55,25
344,"Warmack, Ruth","F",35,23
345,"Wall, Joanna","M",38,22
346,"Appelbaum, Sabria","F",55,24
347,"Kung, Jeffrey","M",43,24
348,"Wilson, Gloria","F",56,22
349,"Tuffield, Phyllis","F",41,21
350,"Ping, Patricia","M",40,24
351,"Shepard, David","F",43,22
352,"Bailey, James","F",50,25
353,"Chestnut, Susan","F",55,22
354,"Toone, Delia","F",44,24
355,"Armstrong, Thomas","F",39,24
356,"Billstrom, Mary","M",38,23
357,"Stotka, Robert","F",50,23
358,"Johnson, Danielle","F",49,23
359,"Lepro, Bonnie","M",34,21
360,"Elliott, Carol","F",46,24
361,"Steelman, Shanay","F",36,23
362,"Adams, Frances","F",43,23
363,"Poorbaugh, Alma","F",39,23
364,"Hasty, Neal","F",39,25
365,"Betsekas, Steven","M",55,21
366,"Ziegler, Arvid","F",38,24
367,"Weyerhaeuser, Ann","F",42,22
368,"Robinson, Dorothy","F",56,24
369,"Brunner, June","M",55,25
370,"Frazier, Judith","M",53,24
371,"Rector, Michelle","M",45,25
372,"Caldwell, Mari","F",42,25
373,"Gonzales, Linda","F",44,23
374,"Monitor, Alan","F",39,24
375,"Lewin, Elsie","M",43,22
376,"Desalvo, Bev","F",40,25
377,"Alpuerto, Oscar","M",45,24
378,"Marshall, Cecelia","M",41,23
379,"Bockenkamp, Gabriel","M",36,25
380,"Kesterson, Alice","F",55,21
381,"Alexander, J. Phillip","M",40,24
382,"Mendoza, R. Morgan","M",39,23
383,"Herrick, Pam","M",35,24
384,"McCoy, James","F",37,22
385,"Thoreson, Rossane","F",55,23
386,"Snowden, Victoria","M",42,23
387,"Blanton, Donald","F",56,24
388,"Gibbens, Cornett","M",40,24
389,"Alcorn, Paul","M",41,23
390,"Miller, Virginia","M",36,24
391,"Campen, Henry","F",37,22
392,"Coffman, Connie","M",48,24
393,"Bustamante, Jared","M",52,23
394,"Eldridge, Carla","F",41,23
395,"Sipsy, Barbara","F",37,24
396,"Weimer, Dorothy","M",36,23
397,"Irwin, Richard","M",47,23
398,"Son, Alma","M",46,23
399,"Brandon, Cornelius","F",37,24
400,"Quintana, Monica","M",37,23
401,"Colon, John","F",41,23
402,"Barlow, Brenda","M",52,24
403,"Adina, Ronald","M",35,23
404,"Bohling, Michael","F",56,24
405,"Wheeler, Sam","M",42,24
406,"Swearengin, Abraham","M",46,24
407,"Givens, David","F",48,22
408,"Beanston, Glenna","M",45,24
409,"Bruno, Dirk","M",54,25
410,"Berger, Alexander","M",44,25
411,"Sultan, Marcia","M",39,24
412,"Svoboda, Martin","F",43,22
413,"Tullao, Mary","F",39,24
414,"Hernandez, Irene","M",41,23
415,"Wilkie, Jay Saxema","F",46,24
416,"Lunt, Sean","F",52,25
417,"Fulton, Paul","F",43,22
418,"Dillon, Rudolph","F",49,25
419,"Miller, Matthew","F",45,24
420,"Stern, Vassar","F",40,22
421,"Suffin, Ruth","M",39,24
422,"Cleary, Kristine","F",39,23
423,"Homax, Jaunita","F",37,24
424,"Adams, Margaret","M",38,24
425,"Zubaty, Carla","M",48,23
426,"Khan, Tammy","M",38,23
427,"Brinkd, David","M",52,24
428,"Clark, James","M",48,22
429,"Dennis, Helen","M",42,24
430,"Brumfield, Eric","F",55,23
431,"Sanchez, Madalena","F",42,23
432,"Suess, Gary","F",53,24
433,"Trach, Glenn","F",38,24
434,"White, Cynthia","F",41,23
435,"Brian, Walter","M",37,23
436,"Trujillo, Christie","F",54,23
437,"Alameda, Lili","F",36,25
438,"Fox, Dorothy","M",48,24
439,"Gallagher, Aldeen","F",42,24
440,"Myer, Dorothy","F",55,24
441,"Byrnes, David","F",51,23
442,"Ryan, Justine","M",38,24
443,"Chand, Forrest","F",40,22
444,"Vanderkamp, Margaret","M",38,25
445,"Carroll, Rosmarie","F",37,22
446,"Contreras, Dorothy","M",38,25
447,"Cantoni, Joseph","M",42,23
448,"Reed, Celine","F",41,24
449,"Peterson, Glin","M",39,24
450,"Osborn, Stephen","F",41,24
451,"Graham., Lowell","F",44,24
452,"Shaddy, Jamie","F",46,24
453,"Haemon, Hattie","M",40,22
454,"Krow, Jame","F",40,24
455,"Belli, Shane","M",41,22
456,"Porter, Ethel","F",43,24
457,"Lesko, Gloria","F",42,23
458,"Worland, Michael","M",35,22
459,"Torre, Alvin","M",46,24
460,"Ramos, Susan","M",41,22
461,"Christie, Jill","F",40,22
462,"Zocchi, Juanita","M",41,25
463,"Altamirano, Sandra","M",45,23
464,"Benson, Edna","M",40,23
465,"Deborde, Alexander","M",55,23
466,"Calone, Barbara","F",47,23
467,"Pompa, Cheryl","F",37,24
468,"Traube, Doris","M",41,25
469,"Sloan, Cathy","F",42,25
470,"Villa, Homer","F",48,24
471,"Herman, Deena","F",42,21
472,"Roberts, Leota","F",52,25
473,"Mc Clane, John","F",47,24
474,"Maxham, Jennifer","M",41,23
475,"Sullivan, Elizabeth","F",50,24
476,"Watada, Irene","F",42,23
477,"Rhiger, Constance","F",50,23
478,"Finley, Rhoda","F",43,23
479,"Winter, Kathleen","F",46,23
480,"Adams, Carla","M",41,24
481,"Tench, Vanessa","M",37,25
482,"Brink, Carol","M",39,23
483,"Reynolds, Adam","F",55,24
484,"Posner, Constance","F",41,24
485,"Hapke, William","M",40,23
486,"Huff, Joshua","F",40,24
487,"Brown, Carolee","M",51,25
488,"Giglio, Frances","M",39,24
489,"Sherwood, Irma","F",42,24
490,"Becker, Benjamin","F",45,25
491,"Tedford, Chad","M",44,25
492,"Roy, Luke","M",41,25
493,"Holloway, Jean","F",39,24
494,"Trau, Olga","M",41,25
495,"Carnes, Steve","M",45,24
496,"Potts, Betty","M",40,23
497,"Kozlowski, Edward","M",41,24
498,"Looney, Sharon","M",39,24
499,"Magenheimer, Patrick","F",42,24
500,"Hofsetz, Sue","F",40,25
501,"Gilliat, Janet","F",37,24
502,"Wojcik, Charlene","F",37,24
503,"Wolf, Eunice","F",37,23
