"cod_producto","descripcion","es_lata","es_diet","rubro"
1,"Kool Cola",0,0,"cola"
2,"Kool Cola",0,0,"cola"
3,"Kool Cola",1,0,"cola"
4,"Diet Cola",0,1,"cola"
5,"Diet Cola",0,1,"cola"
6,"Diet Cola",1,1,"cola"
7,"Caffeine Free Cola",0,0,"cola"
8,"Caffeine Free Cola",0,0,"cola"
9,"Caffeine Free Cola",1,0,"cola"
10,"Old Fashioned Root Beer",0,0,"beer"
11,"Old Fashioned Root Beer",0,0,"beer"
12,"Old Fashioned Root Beer",1,0,"beer"
13,"Diet Root Beer",0,1,"beer"
14,"Diet Root Beer",0,1,"beer"
15,"Diet Root Beer",1,1,"beer"
16,"Energy drink",0,0,"energy drink"
17,"Energy drink",0,0,"energy drink"
18,"Energy drink",1,0,"energy drink"
19,"Birch Beer",0,0,"beer"
20,"Birch Beer",0,0,"beer"
21,"Birch Beer",1,0,"beer"
22,"Dark Cream Soda",0,0,"soda"
23,"Dark Cream Soda",0,0,"soda"
24,"Dark Cream Soda",1,0,"soda"
25,"Vanilla Cream Soda",0,0,"soda"
26,"Vanilla Cream Soda",0,0,"soda"
27,"Vanilla Cream Soda",0,0,"soda"
28,"Vanilla Cream Soda",1,0,"soda"
29,"Diet Cream Soda",0,1,"soda"
30,"Diet Cream Soda",0,1,"soda"
31,"Diet Cream Soda",1,1,"soda"
32,"Grapefruit juice",0,0,"rubro?"
33,"Grapefruit juice",0,0,"rubro?"
34,"Grapefruit juice",1,0,"rubro?"
35,"Orange juice",0,0,"rubro?"
36,"Orange juice",0,0,"rubro?"
37,"Orange juice",1,0,"rubro?"
38,"Diet energy drink",0,1,"energy drink"
39,"Diet energy drink",0,1,"energy drink"
40,"Diet energy drink",1,1,"energy drink"
41,"Trappiste Beer",1,0,"beer"
42,"Orval Beer",1,0,"beer"
